{"OPF_thermal_limit_max_dual_contin":{"(1, 3, 4)":-441.04632792097067,"(1, 1, 5)":-9.646788263903168e-6,"(1, 2, 3)":-1.506440638585589e-6,"(1, 1, 2)":-3.22879070130485e-6,"(1, 1, 4)":-71.17508562452174},"OPF_Qflex_dec":[[[0.0,0.0,0.0,0.0,0.0]]],"OPF_Pflex_inc_con":[[[0.0,0.0,0.0,0.0,0.0]]],"OPF_cost":[89.23943978707274,0.0,0.0,5186.01662213542,3747.9611826815944,0.0,0.0],"OPF_Qflex_inc_con":[[[0.0,0.0,0.0,0.0,0.0]]],"qlc_result":[[[-1.8360775557173605e-9,-1.3263618215356254e-9,0.10530656582072322,-1.890556232677175e-9,-1.8360775232366678e-9]]],"qlc_result_con":[[[1.6614226727733268e-9,1.1514953226090914e-8,0.07610558128719197,1.6613547406146143e-9,1.661433662756876e-9]]],"OPF_volt_mag_contin":{"(1, 2)":0.8724264653407653,"(1, 1)":0.8832212167781951,"(1, 3)":0.8700000521992965,"(1, 4)":0.8716286526796461,"(1, 5)":0.8841294770274759},"OPF_bra_active_contin":{"(1, 2, 1)":-2.462355082088707,"(1, 3, 4)":-0.4631846003201776,"(1, 4, 3)":0.46402646489948207,"(1, 1, 5)":-0.10869154113012383,"(1, 2, 3)":0.4623551388002364,"(1, 1, 2)":2.484741514947053,"(1, 4, 1)":-1.9841811309343225,"(1, 3, 2)":-0.4620193708446164,"(1, 5, 1)":0.1087119773792032,"(1, 1, 4)":1.9999472897018933},"OPF_Qflex_dec_con":[[[0.0,0.0,0.0,0.0,0.0]]],"OPF_Pflex_inc":[[[0.0,0.0,0.0,0.0,0.0]]],"cont_list":[[[1.0,1.0,1.0,1.0,1.0,0.0]]],"OPF_Pgen":[[[6.2635191506434325,0.0,1.0000000090421044,-7.522695923161158e-9,1.6604248265444332]]],"OPF_Pflex_dec":[[[0.0,0.0,0.0,0.0,0.0]]],"OPF_bra_reactive_normal":{"(4, 5)":-0.6866209223820723,"(1, 2)":0.34076840097978955,"(1, 4)":0.34351953347611286,"(3, 2)":-0.6972714168656783,"(4, 1)":-0.6646132812848374,"(2, 1)":-0.384400167581644,"(3, 4)":-0.21419688659899105,"(1, 5)":-0.10724167216324743,"(5, 1)":-0.11363163725335501,"(4, 3)":-0.21266829202061277,"(2, 3)":0.26538748525766853,"(5, 4)":0.3436320032306488},"plc_result_con":[[[8.1819838050045e-9,5.670752082249587e-8,0.3747960370149676,8.181649260501447e-9,8.182037927214875e-9]]],"OPF_Pgen_con":[[[5.475997255346371,0.0,0.9999999918183069,1.4798453257813184,1.1087119691948337]]],"OPF_Qgen":[[[0.5973521301917918,0.0,-0.8571504561609752,-1.4999999332954945,0.2503062338764893]]],"reactive_power_balance_contin_dual":{"(1, 2)":9.664794683765287,"(1, 1)":-8.2770375562831e-9,"(1, 3)":-5.441083231584686e-7,"(1, 4)":-3.2440151008433953e-6,"(1, 5)":3.113102628589783e-8},"OPF_thermal_limit_max_dual_normal":{"(4, 5)":-1.0014778019334675e-6,"(1, 2)":-2.6929533679840602e-6,"(3, 4)":-10947.828546371808,"(1, 4)":-1.6202622378710328e-5,"(2, 3)":-1.4972481726902352e-6,"(1, 5)":-38.62705813221872},"OPF_bra_reactive_contin":{"(1, 2, 1)":-0.07535767058772722,"(1, 3, 4)":-0.19094767714617708,"(1, 4, 3)":-0.188892647162106,"(1, 1, 5)":-0.21428522003461048,"(1, 2, 3)":-0.04365499889413944,"(1, 1, 2)":0.10194741930634271,"(1, 4, 1)":-0.2510475939043503,"(1, 3, 2)":-0.34160249678263604,"(1, 5, 1)":0.014583707336184304,"(1, 1, 4)":0.014516232580444988},"plc_result":[[[-9.042104138698782e-9,-6.5319145580610275e-9,0.5186016961400591,-9.310394478001314e-9,-9.042103978741593e-9]]],"OPF_Qgen_con":[[[-0.07751570372124372,0.0,-0.44903134210017986,-0.37603768223786393,0.03488957172715116]]],"active_power_balance_normal_dual":{"(5,)":9.499999333995644,"(4,)":-3660.141045259897,"(2,)":6848.706949279856,"(3,)":9499.99998779214,"(1,)":9.500003297453178},"active_power_balance_contin_dual":{"(1, 2)":361.75694360456674,"(1, 1)":-5.4056533020094774e-6,"(1, 3)":499.9999805755572,"(1, 4)":1.7633459609665843e-5,"(1, 5)":-9.055232112370122e-6},"OPF_Pflex_dec_con":[[[0.0,0.0,0.0,0.0,0.0]]],"OPF_volt_ang_contin":{"(1, 2)":-0.011789197460905768,"(1, 1)":0.07820906720050934,"(1, 3)":-0.018152976644871928,"(1, 4)":0.0,"(1, 5)":0.07900609874910416},"reactive_power_balance_normal_dual":{"(5,)":2.2561370808437835e-7,"(4,)":-111.26087242117731,"(2,)":147.67560467759856,"(3,)":-1.0766262306490033e-6,"(1,)":6.438425274054758e-8},"OPF_Qflex_inc":[[[0.0,0.0,0.0,0.0,0.0]]],"OPF_bra_active_normal":{"(4, 5)":-1.6437277489342457,"(1, 2)":2.3469485202160354,"(1, 4)":1.822337752936905,"(3, 2)":-0.32849576342624476,"(4, 1)":-1.8098945852488264,"(2, 1)":-2.3289281771514587,"(3, 4)":-0.452902531391588,"(1, 5)":0.9942328684484019,"(5, 1)":-0.9935229414048901,"(4, 3)":0.4536223173499869,"(2, 3)":0.3289281706195494,"(5, 4)":1.6539477589072544}}