{"OPF_thermal_limit_max_dual_contin":{"(1, 3, 4)":-442.1791221139565,"(1, 1, 5)":-9.647054993856009e-6,"(1, 2, 3)":-1.5062489348339178e-6,"(1, 1, 2)":-3.2239793714691675e-6,"(1, 1, 4)":-71.211896620062},"OPF_Qflex_dec":[[[0.0,0.0,0.0,0.0,0.0]]],"OPF_Pflex_inc_con":[[[0.0,0.0,0.0,0.0,0.0]]],"OPF_cost":[89.21505102342225,0.0,0.0,5210.029009077211,3767.0816006003297,0.0,0.0],"OPF_Qflex_inc_con":[[[0.0,0.0,0.0,0.0,0.0]]],"qlc_result":[[[-1.836077555665938e-9,-1.3263662288566112e-9,0.10579415813383007,-1.890556122418364e-9,-1.8360775231968203e-9]]],"qlc_result_con":[[[1.6614226562014765e-9,1.1514872230072943e-8,0.07649383793260695,1.661354867239265e-9,1.6614336524272081e-9]]],"OPF_volt_mag_contin":{"(1, 2)":0.8724261212191045,"(1, 1)":0.8832174170579936,"(1, 3)":0.8700000520541604,"(1, 4)":0.8716246636762683,"(1, 5)":0.8841259258687677},"OPF_bra_active_contin":{"(1, 2, 1)":-2.4615285641495794,"(1, 3, 4)":-0.46209801445800114,"(1, 4, 3)":0.4629359336981391,"(1, 1, 5)":-0.10875980648920425,"(1, 2, 3)":0.46152862086068563,"(1, 1, 2)":2.4838999817613936,"(1, 4, 1)":-1.9841809415430407,"(1, 3, 2)":-0.4611939149145344,"(1, 5, 1)":0.10878026014164734,"(1, 1, 4)":1.9999472430944785},"OPF_Qflex_dec_con":[[[0.0,0.0,0.0,0.0,0.0]]],"OPF_Pflex_inc":[[[0.0,0.0,0.0,0.0,0.0]]],"cont_list":[[[1.0,1.0,1.0,1.0,1.0,0.0]]],"OPF_Pgen":[[[6.26165146192015,0.0,1.0000000090421044,-7.522708478368594e-9,1.6598536389026786]]],"OPF_Pflex_dec":[[[0.0,0.0,0.0,0.0,0.0]]],"OPF_bra_reactive_normal":{"(4, 5)":-0.6866076891433545,"(1, 2)":0.3406067461340679,"(1, 4)":0.34344489360467434,"(3, 2)":-0.6973135319844219,"(4, 1)":-0.6646040888866531,"(2, 1)":-0.3844325189031774,"(3, 4)":-0.21420796124027597,"(1, 5)":-0.10723986249375306,"(5, 1)":-0.11363002060948124,"(4, 3)":-0.2126907175525411,"(2, 3)":0.2654198365792107,"(5, 4)":0.34355944782107184},"plc_result_con":[[[8.181983723393352e-9,5.670712194259724e-8,0.37670807880723955,8.181649884088002e-9,8.182037876344511e-9]]],"OPF_Pgen_con":[[[5.475087410194158,0.0,0.9999999918183053,1.4787549839712664,1.1087802519572922]]],"OPF_Qgen":[[[0.5971176451441121,0.0,-0.8576912382341332,-1.4999999331905207,0.2502352951108425]]],"reactive_power_balance_contin_dual":{"(1, 2)":9.660533521039838,"(1, 1)":-8.289814048250607e-9,"(1, 3)":-5.446809144373716e-7,"(1, 4)":-3.2442897640042235e-6,"(1, 5)":3.115615303989546e-8},"OPF_thermal_limit_max_dual_normal":{"(4, 5)":-1.0012710732795823e-6,"(1, 2)":-2.687970007849593e-6,"(3, 4)":-10975.906863030563,"(1, 4)":-1.614267332362845e-5,"(2, 3)":-1.4970434678613288e-6,"(1, 5)":-38.726217906849506},"OPF_bra_reactive_contin":{"(1, 2, 1)":-0.07540732641769748,"(1, 3, 4)":-0.19095919581964466,"(1, 4, 3)":-0.18891880162819036,"(1, 1, 5)":-0.21431124468145657,"(1, 2, 3)":-0.04360534306423665,"(1, 1, 2)":0.10184785866000476,"(1, 4, 1)":-0.2510490897392309,"(1, 3, 2)":-0.3416626189295269,"(1, 5, 1)":0.014611568906667594,"(1, 1, 4)":0.014522654702913279},"plc_result":[[[-9.042104138445543e-9,-6.531936262729875e-9,0.5210029348342594,-9.31039393501137e-9,-9.042103978545356e-9]]],"OPF_Qgen_con":[[[-0.07763486689204806,0.0,-0.4494912395659706,-0.37606533253881175,0.034917433297660116]]],"active_power_balance_normal_dual":{"(5,)":9.499999328172878,"(4,)":-3660.159855544612,"(2,)":6848.713206485885,"(3,)":9499.999987879974,"(1,)":9.500003289926937},"active_power_balance_contin_dual":{"(1, 2)":361.75702433397475,"(1, 1)":-5.398913950062582e-6,"(1, 3)":499.9999807034943,"(1, 4)":1.7582036736035348e-5,"(1, 5)":-9.051037772162626e-6},"OPF_Pflex_dec_con":[[[0.0,0.0,0.0,0.0,0.0]]],"OPF_volt_ang_contin":{"(1, 2)":-0.011758500090762805,"(1, 1)":0.0782097425340775,"(1, 3)":-0.01811045054736071,"(1, 4)":0.0,"(1, 5)":0.07900731817745975},"reactive_power_balance_normal_dual":{"(5,)":2.2554894062409197e-7,"(4,)":-111.11816519257611,"(2,)":147.56410742825605,"(3,)":-1.0773745817619924e-6,"(1,)":6.435893150807761e-8},"OPF_Qflex_inc":[[[0.0,0.0,0.0,0.0,0.0]]],"OPF_bra_active_normal":{"(4, 5)":-1.643163189754016,"(1, 2)":2.3456383586707767,"(1, 4)":1.8217800302525702,"(3, 2)":-0.32720622120882614,"(4, 1)":-1.8093439186232334,"(2, 1)":-2.327637607666804,"(3, 4)":-0.451790834914807,"(1, 5)":0.994233063954719,"(5, 1)":-0.9935231262992279,"(4, 3)":0.4525070915441538,"(2, 3)":0.3276376011348715,"(5, 4)":1.6533767561598376}}