{"ci": [0.0, 0.0, 0, 0, 0.0, 0.0], "Pflex_dec": [0, 100.0, 41.287048897812, 34.5020153773583, 0], "Pflex_inc": [0, 0, 0, 0, 0], "Qflex_dec": [0, 0, 0, 0, 0], "Qflex_inc": [0, 0, 0, 0, 0], "gencost": 0.1, "gen_multiplier": 1, "load_multiplier": 1, "OPF_opt": 0}