{"ci": [0.0, 0.0, 0.0, 0.0, 0.0, 0.0], "Pflex_dec": [0, 0, 0, 0, 0], "Pflex_inc": [1.13686837721616e-13, 0, 0, 0, 0], "Qflex_dec": [0, 0, 0, 0, 0], "Qflex_inc": [2.8421709430404e-14, 0, 0, 0, 0]}