{"Country": "HR", "Case name": "Location_3_ods", "Scenario 1": {"Total investment cost (EUR)": 3587.8196552385834, "Branch investment cost (EUR)": 0.0, "Flexibility investment cost (EUR)": 3587.8196552385834, "Net Present Operation Cost (EUR)": 0, "2020": {"Operation cost (EUR/year)": 0, "Branch investment (MVA)": [0, 0, 0, 0, 0.0, 0, 0, 0.0, 0.0, 0, 0, 0, 0, 0, 0, 0, 0, 0.0, 0, 0, 0, 0.0, 0, 0.0, 0.0, 0, 0], "Flexibility investment (MW)": [0.0, 0.0, 0.0, 10.0, 10.0, 10.0, 7.29699425397642, 10.0, 0.0, 0.0]}}, "Scenario 2": {"Total investment cost (EUR)": 3587.8196552385834, "Branch investment cost (EUR)": 0.0, "Flexibility investment cost (EUR)": 3587.8196552385834, "Net Present Operation Cost (EUR)": 0, "2020": {"Operation cost (EUR/year)": 0, "Branch investment (MVA)": [0, 0, 0, 0, 0.0, 0, 0, 0.0, 0.0, 0, 0, 0, 0, 0, 0, 0, 0, 0.0, 0, 0, 0, 0.0, 0, 0.0, 0.0, 0, 0], "Flexibility investment (MW)": [0.0, 0.0, 0.0, 10.0, 10.0, 10.0, 7.29699425397642, 10.0, 0.0, 0.0]}}}