{"Country": "UK", "Case name": "case5", "Scenario 1": {"Total investment cost (EUR)": [210860.9303756212], "Net Present Cost (EUR)": [70.85620945137129], "2020": {"Operation cost (EUR/year)": 70.85620945137129, "Branch investment (MVA)": [1.0, 1.0, 1.0, 0.0, 0.0, 0.0], "Flexibility investment (MW)": [0.0, 38.8464778033093, 17.991673054128, 0.0, 0.0]}}, "Scenario 2": {"Total investment cost (EUR)": [210860.9303756212], "Net Present Cost (EUR)": [70.85620945137129], "2020": {"Operation cost (EUR/year)": 70.85620945137129, "Branch investment (MVA)": [1.0, 1.0, 1.0, 0.0, 0.0, 0.0], "Flexibility investment (MW)": [0.0, 38.8464778033093, 17.991673054128, 0.0, 0.0]}}}