{"Country": "UK", "Case name": "case5", "Scenario 1": {"Total investment cost (EUR)": [212360.9303755848], "Net Present Cost (EUR)": [70.85620945137137], "2020": {"Operation cost (EUR/year)": 70.85620945137137, "Branch investment (MVA)": [1.0, 1.0, 1.0, 0.0, 0.0, 0.0], "Flexibility investment (MW)": [0.0, 38.8464778033104, 17.9916730541144, 0.0, 0.0]}}, "Scenario 2": {"Total investment cost (EUR)": [212360.9303755848], "Net Present Cost (EUR)": [70.85620945137137], "2020": {"Operation cost (EUR/year)": 70.85620945137137, "Branch investment (MVA)": [1.0, 1.0, 1.0, 0.0, 0.0, 0.0], "Flexibility investment (MW)": [0.0, 38.8464778033104, 17.9916730541144, 0.0, 0.0]}}}