{ "cont_list" : [[0.0, 1.0, 1.0, 1.0, 1.0, 1.0], [1.0, 1.0, 1.0, 1.0, 1.0, 0.0]],
      "OPF_bra" : [0.5000000090888336, 0.1100000449989173, 0.5000000081754085, 0.27471923678847465, 0.24631113140282396, 0.36011125212486234],
      "OPF_bra_con" : [[0.0, 0.11000004499940923, 0.5000000081777521, 0.2792040515121234, 0.0014295943256007184, 0.36009952327138983], [0.5000000090893663, 0.11000004454473751, 0.11663965376333527, 0.22426516370223148, 0.19606833743763716, 0.0]],
      "OPF_Pbal" :[10.000000748695092, 10008.128836729424, 9999.999996589331, 9999.999820006266, 10.000001232262212],
      "OPF_Pbal_con" :[[-9.839666563260402e-6, 10004.013037436942, 9999.999995812068, 9999.999707333654, -2.6914550984501217e-6], [7.379554030377677e-6, 10007.481382982483, 9999.999996203742, 9999.999981384879, -1.0205976502192381e-5]],
      "OPF_Qbal" :[-3.044164584224398e-8, -40.031922856011654, -8.716375275435441e-7, 7.298853684283418e-7, -1.5676775985577032e-7],
      "OPF_Qbal_con" : [[-2.1448114923097205e-8, -19.762171596006755, -6.641556973251871e-7, -1.9930357225934313e-6, -1.9768282721967245e-7], [-2.382803258485194e-8, -36.84341540796198, -6.434552613027453e-7, 2.384325127023874e-6, 9.303754180938619e-8]],
      "dual_bra":[-9977.652348982181, -90696.43140499416, -4982.540617312103, -5.2088048187249716e-5, -4.801590725251845e-5, -4.287426794091634e-6],
      "dual_bra_con":[[0.0, -90794.2770946859, -4988.892834780966, -5.284017412232051e-5, -3.636384127366001e-5, -4.2874097129071396e-6], [-9983.067372610602, -45419.17585214312, -3.8456311953383046e-5, -4.552156567085373e-5, -4.297130574876676e-5, 0.0]],
      "OPF_cost" :[70.70609711521689, 0.0, 0.0, 23315.302072825383, 55217.66960284494, 0.0, 0.0],
       "plc_result" :[[0.0, 1.380581439919963, 0.9012518190409224, 0.049696948321652966, 0.0]],
       "plc_result_con" :[[0.0, 1.9438895641718588, 0.856106413853359, 0.030698770129769043, 0.0], [0.0, 1.3911533372221547, 0.8800993331464664, 0.4198195417608855, 0.0]],
       "qlc_result" :[[0.0, 0.28033901808631256, 0.18300698726840958, 0.010091395763792171, 0.0]],
       "qlc_result_con" :[[0.0, 0.3947236113211557, 0.17383982175724352, 0.006233651145662076, 0.0], [0.0, 0.2824857333928559, 0.1787117918136017, 0.08524799385794678, 0.0]],
       "OPF_Pflex_inc" :[[0.0, 0.0, 0.0, 0.0, 0.0]],
       "OPF_Pflex_inc_con" :[[0.0, 0.0, 0.0, 0.0, 0.0], [0.0, 0.0, 0.0, 0.0, 0.0]],
       "OPF_Pflex_dec" :[[0.0, 0.0, 0.0, 0.0, 0.0]],
      "OPF_Pflex_dec_con" : [[0.0, 0.0, 0.0, 0.0, 0.0], [0.0, 0.0, 0.0, 0.0, 0.0]],
       "OPF_Qflex_inc" :[[0.0, 0.0, 0.0, 0.0, 0.0]],
       "OPF_Qflex_inc_con" :[[0.0, 0.0, 0.0, 0.0, 0.0], [0.0, 0.0, 0.0, 0.0, 0.0]],
       "OPF_Qflex_dec" :[[0.0, 0.0, 0.0, 0.0, 0.0]],
       "OPF_Qflex_dec_con" :[[0.0, 0.0, 0.0, 0.0, 0.0], [0.0, 0.0, 0.0, 0.0, 0.0]],
       "OPF_Pgen" :[[1.2105009508245395, 0.0, 1.5, 2.5, 1.8601087606971503]],
       "OPF_Pgen_con" :[[0.7104531133807821, 0.0, 1.5, 2.5, 1.8600977538513752], [1.5937380954319504, 0.0, 1.5, 2.5, 1.1162886409101367]],
       "OPF_Qgen":[[-0.2828211809116616, 0.0, -0.7053193838371503, 0.08999816545195856, -0.1743380342195156]],
       "OPF_Qgen_con" :[[-0.1993133697813531, 0.0, -0.5447591508226439, -0.24030802137217097, -0.21964471980031608], [-0.22141731717212, 0.0, -0.5284013288018639, 0.28444966309876113, 0.10356567939072532]],
       "OPF_Pgen_neg":[[0.0, 0.0, 0.0, 0.0, 0.0]],
       "OPF_Pgen_neg_con":[[0.0, 0.0, 0.0, 0.0, 0.0], [0.0, 0.0, 0.0, 0.0, 0.0]],
       "OPF_Qgen_neg" :[[0.0, 0.0, 0.0, 0.0, 0.0]],
       "OPF_Qgen_neg_con" :[[0.0, 0.0, 0.0, 0.0, 0.0], [0.0, 0.0, 0.0, 0.0, 0.0]]

      } 