{ "cont_list" : [[0.0, 1.0, 1.0, 1.0, 1.0, 1.0], [1.0, 1.0, 1.0, 1.0, 1.0, 0.0]],
      "OPF_bra" : [0.5000000090888185, 0.10000004954441696, 0.5000000081754675, 0.27284192565252113, 0.242665808462788, 0.35010191318197253],
      "OPF_bra_con" : [[0.0, 0.10000004954489493, 0.500000008177797, 0.27920364223881494, 0.0014292737180302635, 0.35009040441481126], [0.5000000090893387, 0.1000000490903167, 0.11547607671538473, 0.22578475008610935, 0.1959416090092705, 0.0]],
      "OPF_Pbal" :[10.00000061658989, 10008.061298991723, 9999.999996559414, 9999.999882522416, 10.000001139244578],
      "OPF_Pbal_con" :[[-1.005403386851831e-5, 10004.013037463066, 9999.999995812095, 9999.999824090508, -2.723190675990808e-6], [7.2315087247628e-6, 10007.443305550813, 9999.999996197208, 9999.999982167488, -1.0153677131094713e-5]],
      "OPF_Qbal" :[-2.994915526949281e-8, -39.69932132966239, -8.545486440833336e-7, 7.058476890549381e-7, -1.5393059332554121e-7],
      "OPF_Qbal_con" : [[-2.143260625573298e-8, -19.762171723367967, -6.641545313897652e-7, -2.029540892144897e-6, -1.9779798354090322e-7], [-2.3827085905246835e-8, -36.655896725238705, -6.408343457422804e-7, 2.347458450298173e-6, 9.306631333837556e-8]],
      "dual_bra":[-9977.159091172382, -99775.23260735684, -4982.64156813545, -5.178305583418863e-5, -4.7568070809643294e-5, -4.273100131429478e-6],
      "dual_bra_con":[[0.0, -99880.66926987188, -4989.077428925161, -5.284010389975543e-5, -3.6363841140346594e-5, -4.273083945344986e-6], [-9982.77959845627, -49968.10007605456, -3.8412425163109476e-5, -4.5677990132964025e-5, -4.2961217383853564e-5, 0.0]],
      "OPF_cost" :[70.50605122698441, 0.0, 0.0, 23515.045633219208, 55517.35761589066, 0.0, 0.0],
       "plc_result" :[[0.0, 1.376441842985302, 0.8995836523968903, 0.07547906793972851, 0.0]],
       "plc_result_con" :[[0.0, 1.943889655527205, 0.8561079497129283, 0.05067283161159985, 0.0], [0.0, 1.3863639587619636, 0.8797299307364306, 0.4349714352389386, 0.0]],
       "qlc_result" :[[0.0, 0.2794984370771957, 0.1826682515839581, 0.015326678441744276, 0.0]],
       "qlc_result_con" :[[0.0, 0.39472362987164994, 0.1738401336268306, 0.010289557317583891, 0.0], [0.0, 0.2815132086174601, 0.17863678145498485, 0.08832471705366936, 0.0]],
       "OPF_Pflex_inc" :[[0.0, 0.0, 0.0, 0.0, 0.0]],
       "OPF_Pflex_inc_con" :[[0.0, 0.0, 0.0, 0.0, 0.0], [0.0, 0.0, 0.0, 0.0, 0.0]],
       "OPF_Pflex_dec" :[[0.0, 0.0, 0.0, 0.0, 0.0]],
      "OPF_Pflex_dec_con" : [[0.0, 0.0, 0.0, 0.0, 0.0], [0.0, 0.0, 0.0, 0.0, 0.0]],
       "OPF_Qflex_inc" :[[0.0, 0.0, 0.0, 0.0, 0.0]],
       "OPF_Qflex_inc_con" :[[0.0, 0.0, 0.0, 0.0, 0.0], [0.0, 0.0, 0.0, 0.0, 0.0]],
       "OPF_Qflex_dec" :[[0.0, 0.0, 0.0, 0.0, 0.0]],
       "OPF_Qflex_dec_con" :[[0.0, 0.0, 0.0, 0.0, 0.0], [0.0, 0.0, 0.0, 0.0, 0.0]],
       "OPF_Pgen" :[[1.200505329871193, 0.0, 1.5, 2.5, 1.8500997928272487]],
       "OPF_Pgen_con" :[[0.7004530032336453, 0.0, 1.5, 2.5, 1.8500889254515673], [1.5849063326318726, 0.0, 1.5, 2.5, 1.1151198454064775]],
       "OPF_Qgen":[[-0.2782498723713036, 0.0, -0.6923436321796049, 0.08705444451071351, -0.17119208561343585]],
       "OPF_Qgen_con" :[[-0.19916931826611464, 0.0, -0.5447582311567579, -0.24448362900000448, -0.21977206086617856], [-0.22140852543918696, 0.0, -0.5263261925665155, 0.2803503979703106, 0.10359767278455385]],
       "OPF_Pgen_neg":[[0.0, 0.0, 0.0, 0.0, 0.0]],
       "OPF_Pgen_neg_con":[[0.0, 0.0, 0.0, 0.0, 0.0], [0.0, 0.0, 0.0, 0.0, 0.0]],
       "OPF_Qgen_neg" :[[0.0, 0.0, 0.0, 0.0, 0.0]],
       "OPF_Qgen_neg_con" :[[0.0, 0.0, 0.0, 0.0, 0.0], [0.0, 0.0, 0.0, 0.0, 0.0]]

      } 