{ "cont_list" : [[1.0, 0.0, 1.0, 1.0, 1.0, 1.0]],
      "OPF_bra" : [0.5050000089906943, 0.10100004904982016, 0.5000000081773189, 0.2744887560660026, 0.24402133096408218, 0.3511022363493496],
      "OPF_bra_con" : [[0.5050000092106097, 0.0, 0.5000000063450246, 0.5000000081716289, 0.5000001320394859, 0.7770936248168099]],
      "OPF_Pbal" :[5.782018841002499e-7, 10008.049352161186, 9999.999996569708, 9999.999880042424, -4.500105662190226e-6],
      "OPF_Pbal_con" :[[-1.797523064967879e-6, 10473.174346443619, 9999.999933054032, 4966.2513438281985, 1.1193182188963119e-7]],
      "OPF_Qbal" :[-3.032819772176843e-8, -39.64048777707031, -8.626889690938543e-7, 6.765309421457209e-7, -1.562784673363687e-7],
      "OPF_Qbal_con" : [[-9.05067257562749e-9, -2330.2338273457626, -7.818422728676592e-7, 1.133777751697264e-5, -3.4058560997912357e-7]],
      "dual_bra":[-9888.191453391126, -98886.67192544586, -4987.728160188867, -5.205029729192115e-5, -4.773284297027119e-5, -4.274509502400829e-6],
      "dual_bra_con":[[-13037.613497148086, 0.0, -2487.26747461983, -4972.133828882847, -121.46463702027701, -5.522518833743791e-6]],
      "OPF_cost" :[0.0, 0.0, 0.0, 23445.134403114535, 20799.635558300066, 0.0, 0.0],
       "plc_result" :[[0.0, 1.3704315485169931, 0.9001282360885456, 0.07395365570591476, 0.0]],
       "plc_result_con" :[[0.0, 1.9524422091963611, 0.12752134663364567, 0.0, 0.0]],
       "qlc_result" :[[0.0, 0.2782779947324449, 0.18277883401898876, 0.015016930276631332, 0.0]],
       "qlc_result_con" :[[0.0, 0.3964602999647092, 0.025894313849672664, 0.0, 0.0]],
       "OPF_Pflex_inc" :[[0.0, 0.0, 0.0, 0.0, 0.0]],
       "OPF_Pflex_inc_con" :[[0.0, 0.0, 0.0, 0.0, 0.0]],
       "OPF_Pflex_dec" :[[0.0, 0.0, 0.0, 0.0, 0.0]],
      "OPF_Pflex_dec_con" : [[0.0, 0.0, 0.0, 0.0, 0.0]],
       "OPF_Qflex_inc" :[[0.0, 0.0, 0.0, 0.0, 0.0]],
       "OPF_Qflex_inc_con" :[[0.0, 0.0, 0.0, 0.0, 0.0]],
       "OPF_Qflex_dec" :[[0.0, 0.0, 0.0, 0.0, 0.0]],
       "OPF_Qflex_dec_con" :[[0.0, 0.0, 0.0, 0.0, 0.0]],
       "OPF_Pgen" :[[1.206501789507016, 0.0, 1.5, 2.5, 1.8511001053912888]],
       "OPF_Pgen_con" :[[1.0976772109726451, 0.0, 1.5, 2.5, 2.228788128262454]],
       "OPF_Qgen":[[-0.2817681713930686, 0.0, -0.6985305147004768, 0.08346151299264008, -0.173795525952316]],
       "OPF_Qgen_con" :[[-0.08412248063766037, 0.0, -0.6366222501929121, 0.8990348026100478, -0.3766695065042184]],
       "OPF_Pgen_neg":[[0.0, 0.0, 0.0, 0.0, 0.0]],
       "OPF_Pgen_neg_con":[[0.0, 0.0, 0.0, 0.0, 0.0]],
       "OPF_Qgen_neg" :[[0.0, 0.0, 0.0, 0.0, 0.0]],
       "OPF_Qgen_neg_con" :[[0.0, 0.0, 0.0, 0.0, 0.0]]

      } 