{ "cont_list" : [[0.0, 1.0, 1.0, 1.0, 1.0, 1.0], [1.0, 1.0, 1.0, 1.0, 1.0, 0.0]],
      "OPF_bra" : [0.500000009023553, 0.20000002451583884, 0.5000000081038836, 0.34981638301440515, 0.36583787416868147, 0.4501828590821074],
      "OPF_bra_con" : [[0.0, 0.20000002454409532, 0.5000000081751882, 0.2789056292080833, 0.14930920585552293, 0.45018215347719376], [0.5000000090896078, 0.2000000240890336, 0.12766358710925432, 0.21515821898594437, 0.20350615398762656, 0.0]],
      "OPF_Pbal" :[10.000001948752098, 10009.900181180545, 9999.999988952404, 9971.95461322477, 10.00000208514297],
      "OPF_Pbal_con" :[[-8.09785638544923e-6, 10004.013037448154, 9999.99999297749, 9989.186245476883, -2.416814573151968e-6], [8.816745943516386e-6, 10007.823597342436, 9999.999996262071, 9999.999970731109, -1.0700169466908116e-5]],
      "OPF_Qbal" :[-3.691139382611979e-8, -48.7551927022011, -1.087355203588815e-6, 8.301128422295412e-7, -1.9515568053217318e-7],
      "OPF_Qbal_con" : [[-2.1587061925459724e-8, -19.76217079736837, -6.24288692715781e-7, -1.926478135678481e-6, -1.9664220929609245e-7], [-2.3834595260057013e-8, -38.52870686425144, -6.670757780126889e-7, 2.7242232326545075e-6, 9.27724618542697e-8]],
      "dual_bra":[-9990.910464839179, -49671.64371372727, -4968.167607144203, -7.122936386396704e-5, -7.826007511471471e-5, -4.440270487532719e-6],
      "dual_bra_con":[[0.0, -49850.936083986, -4981.847488810156, -5.2789070353960815e-5, -3.9923663000892594e-5, -4.440269109542449e-6], [-9985.653938889904, -24948.579424217827, -3.8899483634799656e-5, -4.462729689030532e-5, -4.35835702576881e-5, 0.0]],
      "OPF_cost" :[72.50624293935459, 0.0, 0.0, 21520.970728632008, 52522.578134794516, 0.0, 0.0],
       "plc_result" :[[0.0, 1.6000998583360562, 0.551996900377287, 3.1414985742856834e-7, 0.0]],
       "plc_result_con" :[[0.0, 1.943949497087856, 0.7071086090738501, 8.306799132618585e-7, 0.0], [0.0, 1.434258787386648, 0.8834013243558622, 0.28353876489532204, 0.0]],
       "qlc_result" :[[0.0, 0.32491413411437936, 0.11208775126473372, 6.379084928780844e-8, 0.0]],
       "qlc_result_con" :[[0.0, 0.394735781218806, 0.14358452708130964, 1.6867675060252372e-7, 0.0], [0.0, 0.29123866836928364, 0.17938228972600684, 0.05757500183746389, 0.0]],
       "OPF_Pflex_inc" :[[0.0, 0.0, 0.0, 0.0, 0.0]],
       "OPF_Pflex_inc_con" :[[0.0, 0.0, 0.0, 0.0, 0.0], [0.0, 0.0, 0.0, 0.0, 0.0]],
       "OPF_Pflex_dec" :[[0.0, 0.0, 0.0, 0.0, 0.0]],
      "OPF_Pflex_dec_con" : [[0.0, 0.0, 0.0, 0.0, 0.0], [0.0, 0.0, 0.0, 0.0, 0.0]],
       "OPF_Qflex_inc" :[[0.0, 0.0, 0.0, 0.0, 0.0]],
       "OPF_Qflex_inc_con" :[[0.0, 0.0, 0.0, 0.0, 0.0], [0.0, 0.0, 0.0, 0.0, 0.0]],
       "OPF_Qflex_dec" :[[0.0, 0.0, 0.0, 0.0, 0.0]],
       "OPF_Qflex_dec_con" :[[0.0, 0.0, 0.0, 0.0, 0.0], [0.0, 0.0, 0.0, 0.0, 0.0]],
       "OPF_Pgen" :[[1.300447610711967, 0.0, 1.5, 2.5, 1.9501766832234912]],
       "OPF_Pgen_con" :[[0.8004548711364029, 0.0, 1.5, 2.5, 1.9501768016305276], [1.672675521227888, 0.0, 1.5, 2.5, 1.1273568446491502]],
       "OPF_Qgen":[[-0.34285277509648426, 0.0, -0.86489103761425, 0.10224913586894631, -0.21684990975543467]],
       "OPF_Qgen_con" :[[-0.20060396580821235, 0.0, -0.5132053422623718, -0.23266589732937454, -0.2184939458137827], [-0.22147826415721272, 0.0, -0.5470620339933868, 0.3216237096778689, 0.10327091405363488]],
       "OPF_Pgen_neg":[[0.0, 0.0, 0.0, 0.0, 0.0]],
       "OPF_Pgen_neg_con":[[0.0, 0.0, 0.0, 0.0, 0.0], [0.0, 0.0, 0.0, 0.0, 0.0]],
       "OPF_Qgen_neg" :[[0.0, 0.0, 0.0, 0.0, 0.0]],
       "OPF_Qgen_neg_con" :[[0.0, 0.0, 0.0, 0.0, 0.0], [0.0, 0.0, 0.0, 0.0, 0.0]]

      } 