{"ci": [0.0, 0.0, 0.0, 0.0, 0.0, 0.0], "Pflex_dec": [0, 0, 0, 0, 0], "Pflex_inc": [0, 0, 0, 0, 0], "Qflex_dec": [0, 0, 0, 0, 0], "Qflex_inc": [1.4210854715202e-14, 0, 0, 2.8421709430404e-14, 0]}