{"ci": [200.0, 50.0, 0, 0, 50.0, 0], "Pflex_dec": [0, 0, 0, 1.4210854715202e-14, 0], "Pflex_inc": [0, 213.655627918204, 98.954201797642, 0, 0], "Qflex_dec": [0, 0, 0, -0.0, 0], "Qflex_inc": [0, 0, 0, 0, 0]}