{"ci": [0.0, 0.0, 0.0, 0.0, 0.0, 0.0, 0.0, 0.0, 0.0, 0.0, 0.0, 0.0, 0.0, 0.0, 0.0, 0.0, 0.0, 0.0, 0.0, 0.0, 0.0, 0.0, 0.0, 0.0, 0.0, 0.0, 0.0, 0.0, 0.0, 0.0, 0.0, 0.0, 0.0, 0.0, 0.0, 0.0, 0.0, 0.0, 0.0, 0.0, 0.0, 0.0, 0.0, 0.0, 0.0, 0.0, 0.0, 0.0, 0.0, 0.0, 0.0, 0.0, 0.0, 0.0, 0.0, 0.0, 0.0, 0.0, 0.0, 0.0, 0.0, 0.0, 0.0, 0.0, 0.0, 0.0, 0.0, 0.0, 0.0, 0.0, 0.0, 0.0, 0.0, 0.0, 0.0, 0.0, 0.0, 0.0, 0.0, 0.0, 0.0, 0.0, 0.0, 0.0, 0.0, 0.0, 0.0, 0.0, 0.0, 0.0, 0.0, 0.0, 0.0, 0.0, 0.0, 0.0, 0.0, 0.0, 0.0, 0.0], "Pflex_dec": [0.0, 0.0, 1.81898940354586e-14, 0.0, 1.81898940354586e-14, 0.0, 0.0, 0.0, 1.31008320622817, 0.0, 0.0, 0.0, 12.4830893579393, 9.58834219487277, 0.0, 0.0, 0.0, 0.0, 0.0, 0.0, 0.0, 0.0, 0.0, 11.822338356386298, 0.0, 0.0, 0.0, 0.0, 3.63797880709171e-14, 0.0], "Pflex_inc": [0.0, 0.0, 0.0, 0.0, 0.0, 0.0, 0.0, 8.15816769975594, 0.0, 1.09139364212751e-13, 0.0, 0.0, 0.0, 0.0, 0.0, 0.0, 0.0, 0.0, 0.0, 1.81898940354586e-14, 0.0, 0.0, 0.0, 0.0, 0.0, 0.0, 0.0, 0.0, 0.0, 0.0], "Qflex_dec": [0, 0, -0.0, 0, -0.0, 0, 0, 0, -0.0, 0, 0, 0, -0.0, -0.0, 0, 0, 0, 0, 0, 0, 0, 0, 0, -0.0, 0, 0, 0, 0, -0.0, 0], "Qflex_inc": [0, 0, 0, 0, 0, 0, 0, 0, 0, 0, 0, 0, 0, 0, 0, 0, 0, 0, 0, 0, 0, 0, 0, 0, 0, 0, 0, 0, 0, 0]}