{"ci": [0.0, 1.0, 0.0, 0.0, 0.0, 0.0], "Pflex_dec": [0, 0, 0, 0, 0], "Pflex_inc": [0, 38.8464778033093, 17.991673054128, 0, 0], "Qflex_dec": [0, 0, 0, 0, 0], "Qflex_inc": [0, 0, 0, 0, 0]}